nBids,PowerSeller,VerifyID,Sealed,Minblem,MajBlem,LargNeg,LogBook,MinBidShare,Sold
2,0,0,0,0,0,0,-0.2237,-0.2088,1
6,1,0,0,0,0,0,0.6073,-0.3478,1
1,1,0,0,0,0,0,0.0332,0.4423,1
1,0,0,0,1,0,0,0.3755,0.1441,1
4,0,0,0,0,0,1,1.4347,-0.4104,1
2,0,0,0,0,0,0,-0.9142,0.6318,1
2,0,0,0,1,0,0,-0.2477,0.2953,1
2,0,0,0,0,0,0,-0.9142,0.6318,1
2,1,0,0,0,0,0,0.5108,0.055,1
6,0,0,1,0,0,0,-0.3621,0.0247,1
0,1,0,0,0,0,0,-0.2237,0.4767,0
3,0,0,0,1,0,1,-0.4574,-0.2124,1
5,0,0,0,0,0,0,0.8863,-0.5257,1
3,0,0,0,0,0,0,0.3755,-0.4041,1
1,1,0,0,0,0,0,0.0732,0.1278,1
5,0,0,0,0,0,0,-0.3621,-0.3207,1
2,0,0,0,0,0,0,-0.3621,-0.3207,1
8,1,0,1,0,0,0,0.9205,-0.3273,1
5,1,0,1,0,0,0,0.2189,-0.0726,1
7,1,0,1,0,0,0,0.8863,-0.3186,1
5,1,0,1,0,0,0,0.2189,-0.0726,1
3,1,0,1,0,0,0,-0.052000000000000005,0.0845,1
6,0,0,0,0,0,1,1.9993,-0.5337,1
3,0,0,0,0,0,0,0.7365,0.2605,1
0,0,0,0,0,0,0,0.0332,0.9407,0
1,0,0,0,0,0,0,-1.0254,0.6564,1
2,0,0,0,0,0,0,-1.1506,0.5543,1
7,0,0,0,0,0,0,1.0758,-0.4843,1
7,0,0,0,0,0,0,1.4347,-0.5125,1
6,0,0,0,0,1,0,0.5108,-0.4134,1
1,1,0,0,0,0,0,-0.6398,0.7415,1
6,0,0,0,0,0,0,0.7365,-0.4375,1
4,1,0,0,0,0,0,-0.6398,-0.1385,1
1,1,0,0,0,0,0,-1.0254,0.5976,1
3,1,0,0,0,0,0,-0.9142,0.4739,1
0,0,0,0,0,0,0,0.0332,0.4835,0
6,1,0,0,0,0,0,-0.6398,-0.1385,1
4,1,0,0,0,0,0,-0.1723,-0.3025,1
1,0,0,0,0,0,0,-0.5628,0.4956,1
3,1,0,0,0,0,0,-0.8141,0.3737,1
4,1,0,0,0,0,0,-0.4608,0.3186,1
3,1,0,0,0,0,0,-1.0254,-0.0506,1
1,0,0,0,0,0,0,-0.7231,0.5954,1
0,0,0,0,0,0,0,-0.3033,0.9046,0
0,0,0,0,0,0,0,0.0332,0.4427,0
0,0,0,0,0,0,0,0.0332,1.0509,0
2,0,0,0,0,1,0,-0.0767,-0.2615,1
3,0,0,0,0,1,0,-0.2477,-0.2025,1
3,0,0,0,0,0,0,-0.6398,-0.2585,1
9,0,0,0,0,0,0,0.3755,-0.3896,1
4,1,0,0,0,0,0,-0.052000000000000005,-0.0044,1
6,0,0,0,0,0,0,0.3755,-0.1432,1
6,0,0,0,0,0,1,1.9993,-0.5337,1
1,0,0,0,0,0,0,0.23399999999999999,-0.1119,1
2,0,0,0,0,0,0,-0.6044,0.5026,1
3,1,0,0,0,0,0,-0.8141,-0.0072,1
3,1,0,0,0,0,0,-0.7231,-0.0568,1
5,1,0,0,0,0,0,-1.0254,0.127,1
4,1,0,0,0,0,0,-0.7231,-0.0568,1
3,1,0,0,0,0,0,-1.0254,0.127,1
3,1,0,0,1,0,0,-1.0923,0.1758,1
3,1,0,0,0,0,0,-0.9142,0.0528,1
4,0,0,0,0,0,0,0.40399999999999997,-0.1554,1
1,1,0,0,0,0,0,0.5108,0.5556,1
4,1,1,0,0,0,0,0.9205,-0.494,1
6,0,0,0,0,0,1,0.674,-0.4381,1
0,1,0,0,0,0,0,0.1487,0.695,0
2,1,0,0,0,0,0,-1.0254,0.5517,1
2,1,0,0,0,0,0,-0.9142,0.5276,1
7,0,0,0,0,0,0,0.40399999999999997,-0.3244,1
2,1,0,0,0,0,0,-0.9142,0.5065,1
1,1,0,0,0,0,0,-0.5628,0.3927,1
5,0,0,0,0,0,0,0.40399999999999997,-0.4153,1
2,1,0,0,0,0,0,-0.8141,-0.0072,1
0,1,0,0,1,0,0,2.8247,0.1852,0
4,1,0,0,0,0,0,-0.7231,-0.0568,1
3,1,0,0,0,0,0,-0.8141,-0.0072,1
1,1,0,0,0,0,0,-1.0254,0.127,1
1,1,0,0,0,0,0,-1.0254,0.127,1
4,1,0,0,0,0,0,-0.7231,-0.0568,1
1,1,0,0,0,0,0,-1.0254,0.127,1
2,1,0,0,0,0,0,-1.0923,0.1758,1
3,1,0,0,0,0,0,-0.9142,0.0528,1
2,1,0,0,0,0,0,-0.9738,0.0916,1
0,1,0,0,0,0,0,2.8247,0.1635,0
0,1,0,0,0,0,0,0.0332,0.6019,0
3,1,0,0,0,0,0,-0.6398,-0.0985,1
5,1,0,0,0,1,0,-0.0767,-0.3508,1
4,0,0,0,0,0,0,0.5108,-0.4318,1
3,1,0,0,0,0,0,-0.7231,-0.0568,1
1,1,0,0,1,0,0,-1.0254,0.127,1
2,1,0,0,0,0,0,-0.9142,0.0528,1
6,0,0,0,0,0,0,0.5108,-0.4318,1
5,1,0,0,0,0,0,-0.3033,-0.264,1
2,1,0,0,0,0,0,-1.0923,0.6789,1
4,1,0,0,0,0,0,-0.4608,0.3521,1
2,1,0,0,0,0,0,-1.1506,0.7543,1
2,1,0,0,0,0,0,-1.0254,0.5976,1
1,1,0,0,0,0,0,0.5108,0.5337,1
0,1,0,0,0,0,0,0.5108,0.5347,0
2,1,0,0,0,0,0,-0.052000000000000005,0.0863,1
0,1,0,0,0,0,0,0.3755,0.4629,0
1,1,0,0,1,0,0,-0.2477,0.2953,1
6,1,0,0,0,0,0,1.0758,-0.4634,1
9,0,0,0,0,0,1,1.4347,-0.5049,1
2,0,0,0,0,1,0,0.40399999999999997,-0.1568,1
1,0,0,1,0,0,0,-0.3621,0.4193,1
4,0,0,1,0,0,0,-0.3621,0.4193,1
8,0,0,0,0,0,0,0.9205,-0.376,1
1,0,0,1,0,0,0,-0.3033,0.3623,1
6,0,0,0,0,0,0,0.7455,-0.3184,1
6,0,0,0,0,0,0,0.5108,-0.3627,1
0,0,0,0,0,0,0,0.0332,0.4244,0
3,0,0,0,0,0,0,-0.3621,-0.3207,1
4,0,0,0,0,0,0,-0.3621,-0.3207,1
4,0,0,0,0,0,0,-0.4574,-0.295,1
5,1,0,1,0,0,0,0.2189,-0.0726,1
6,1,0,1,0,0,0,0.8863,-0.3186,1
4,1,0,1,0,0,0,0.2189,-0.0726,1
5,1,0,1,0,0,0,-0.052000000000000005,0.0845,1
4,1,0,1,0,0,0,-0.3621,0.3253,1
5,1,0,1,0,0,0,-0.3621,0.3253,1
5,1,0,1,0,0,0,-0.3033,0.2737,1
3,1,0,1,0,0,0,-0.3621,0.3253,1
2,0,0,1,0,0,0,-0.3621,0.2672,1
6,0,0,0,0,0,0,0.0332,-0.2312,1
5,0,0,0,0,0,0,-0.8141,-0.1977,1
4,0,0,0,0,0,0,1.1181,-0.5226,1
4,0,0,0,0,0,0,-0.3621,-0.3359,1
4,0,0,0,0,0,0,-1.0254,-0.1094,1
6,0,0,0,0,1,0,0.3755,-0.1754,1
4,1,0,0,0,0,0,-0.052000000000000005,-0.1332,1
7,0,0,0,0,0,0,0.9205,-0.4436,1
6,0,0,0,0,0,0,0.40399999999999997,-0.1551,1
4,1,0,0,0,0,0,0.3295,-0.1558,1
6,0,0,0,0,0,1,0.5108,-0.38299999999999995,1
1,0,0,0,0,0,0,-0.2477,0.6061,1
1,1,0,0,0,0,0,0.0332,0.6019,1
7,0,0,0,0,0,1,0.5108,-0.38299999999999995,1
0,0,0,0,0,0,1,-0.3621,0.7544,0
0,1,0,0,0,0,0,0.0332,0.2382,0
5,0,0,0,0,0,1,0.6073,-0.4009,1
7,0,0,0,0,0,0,0.5108,-0.4514,1
6,1,0,0,0,0,0,-0.2237,-0.2616,1
4,1,0,0,0,0,0,-0.052000000000000005,-0.3651,1
3,0,0,0,0,0,0,-1.0254,0.2435,1
6,0,0,0,0,0,0,0.5108,-0.2045,1
0,0,0,0,0,0,0,0.40399999999999997,0.5885,0
4,1,0,0,0,0,0,-0.5628,-0.171,1
1,1,0,0,0,0,0,-1.0923,0.6789,1
2,1,0,0,0,0,0,-0.7231,0.29100000000000004,1
4,1,0,0,0,0,0,-0.3621,-0.245,1
2,1,0,0,0,0,0,-1.0254,0.5976,1
1,1,0,0,0,0,0,0.4852,0.0769,1
2,1,0,0,0,0,0,-0.3033,0.4337,1
2,1,0,0,0,0,0,0.674,0.10400000000000001,1
3,1,0,0,0,0,0,0.674,0.0503,1
2,1,0,0,0,0,0,1.1181,0.1699,1
5,0,0,0,0,0,1,0.5108,-0.38299999999999995,1
0,1,1,0,0,0,0,0.1487,0.4732,0
7,0,0,0,0,0,0,0.7455,-0.4578,1
6,0,0,0,0,0,1,0.6073,-0.4009,1
3,0,0,0,0,0,0,0.5108,-0.0308,1
2,0,0,0,0,0,0,0.0332,0.0035,1
8,0,0,0,0,0,1,0.9205,-0.4484,1
5,0,0,0,0,0,0,0.9205,0.1215,1
4,0,0,0,0,0,0,1.0758,-0.0511,1
0,1,0,0,0,0,0,0.0332,0.2586,0
6,0,0,0,0,0,0,0.1487,-0.033,1
4,0,0,0,0,0,1,1.9993,-0.5337,1
2,1,0,0,0,0,0,-0.7231,-0.0568,1
2,0,0,0,0,0,0,-1.0254,0.2435,1
2,1,0,0,0,0,0,-0.8141,-0.0072,1
3,1,0,0,0,0,0,-0.9738,0.0916,1
2,1,0,0,1,0,0,-1.0923,0.1758,1
2,0,0,0,0,0,0,-1.0254,0.0282,1
12,1,0,0,0,0,0,-0.3621,-0.3668,1
0,0,0,0,0,0,0,-0.9142,0.1592,0
4,0,0,0,0,0,0,0.0534,-0.2597,1
5,0,0,0,0,0,0,-0.3033,-0.1234,1
5,1,0,0,0,0,0,-0.9738,-0.1375,1
4,1,0,0,0,0,0,-0.9142,-0.1629,1
1,0,0,0,0,0,0,0.0332,0.0342,1
4,1,0,0,0,1,0,0.0332,-0.3336,1
3,1,0,0,0,1,0,0.5108,-0.4263,1
3,0,0,0,0,0,0,0.5108,-0.3498,1
4,0,0,1,0,0,0,0.8863,-0.4911,1
2,0,0,0,0,0,0,-0.3621,-0.2284,1
1,1,0,0,1,0,0,-0.3621,0.1793,1
6,0,0,0,0,0,0,1.4347,-0.2098,1
1,1,0,0,0,0,1,-1.0254,0.2388,1
5,1,0,0,0,1,0,0.5108,-0.4263,1
7,0,0,0,0,1,0,1.0758,-0.4685,1
0,1,0,0,0,0,0,0.6073,-0.1745,0
5,0,0,0,1,0,0,1.4347,-0.4673,1
0,1,1,0,0,0,0,0.0332,0.6019,0
6,0,0,0,0,0,0,1.4347,-0.4673,1
6,0,0,0,0,0,0,1.0758,-0.3653,1
3,0,0,0,0,0,0,0.3295,-0.3504,1
0,1,0,0,0,1,0,0.5108,-0.0969,0
2,1,0,0,0,0,0,0.7455,0.1651,1
4,0,0,0,0,0,0,0.0332,-0.1295,1
1,1,0,0,0,0,0,-0.9738,0.5061,1
1,1,0,0,0,0,0,-0.9142,0.4328,1
1,1,0,0,0,0,0,-0.6398,0.2463,1
2,1,0,0,0,0,0,-0.9142,0.396,1
3,0,0,0,1,0,0,0.3755,-0.2594,1
3,1,0,0,0,0,0,-0.4608,0.3521,1
2,1,0,0,0,0,0,-0.9142,0.4739,1
6,0,0,0,0,0,0,0.9205,-0.3931,1
4,1,0,0,0,0,0,-0.7231,-0.1003,1
3,1,0,0,0,0,0,-0.3033,-0.264,1
1,1,0,0,0,0,0,-1.1506,0.7543,1
3,1,0,0,0,0,0,-0.7231,0.29100000000000004,1
2,1,0,0,0,0,0,-0.4608,0.0905,1
5,1,0,0,0,0,0,-0.3033,-0.3114,1
3,0,0,0,0,0,0,0.5108,-0.4767,1
5,0,0,0,0,0,0,0.0534,-0.4381,1
6,0,0,0,0,0,1,0.5108,-0.38299999999999995,1
5,0,0,0,0,0,0,1.9993,-0.5435,1
5,0,0,0,0,0,0,-0.3621,-0.2177,1
6,0,0,0,0,0,0,-0.3621,-0.2177,1
0,1,0,0,1,0,0,0.2001,0.2392,0
5,1,0,0,0,1,0,0.5108,-0.4263,1
0,1,0,0,0,0,0,0.0332,0.6019,0
2,1,0,0,0,0,0,0.7365,0.4506,1
1,0,0,0,0,0,0,-1.0254,0.1211,1
5,0,0,0,0,0,0,0.5108,-0.4273,1
9,0,0,0,0,0,1,0.5108,-0.38299999999999995,1
6,0,0,0,0,0,0,1.4347,-0.2098,1
1,0,0,0,1,0,0,-1.0923,0.3645,1
0,1,0,0,0,0,0,0.3295,0.4208,0
3,1,0,0,0,0,0,-0.6398,-0.0505,1
9,1,0,0,0,0,0,0.5108,-0.4557,1
6,0,0,0,0,0,0,-0.2237,-0.2352,1
6,0,0,0,0,0,1,0.9205,-0.4484,1
4,0,0,0,0,0,0,0.7365,0.2605,1
3,1,0,0,0,0,0,-0.2779,-0.2445,1
7,0,0,0,0,0,0,0.0332,-0.3732,1
4,1,0,0,0,0,0,0.1487,0.0005,1
5,1,0,0,0,0,0,-0.3621,-0.2147,1
5,1,0,0,1,0,0,0.1487,-0.42100000000000004,1
6,0,0,0,0,0,1,0.40399999999999997,-0.3611,1
6,1,0,0,0,0,0,0.9205,-0.5274,1
5,0,0,0,0,0,0,-0.2477,-0.36200000000000004,1
4,0,0,0,0,0,0,0.0332,-0.4148,1
5,0,0,0,0,0,1,0.5108,-0.38299999999999995,1
0,1,0,0,0,0,0,2.8247,0.151,0
0,1,0,0,0,0,0,0.7365,0.4506,0
2,1,0,0,0,0,0,-0.9142,0.3539,1
8,0,0,0,0,0,1,0.7455,-0.4237,1
3,1,0,0,0,0,0,-0.2477,0.0277,1
2,1,0,0,0,0,0,-1.0254,0.4988,1
1,1,0,0,0,0,0,0.5108,0.3109,1
4,1,0,0,0,1,0,0.5108,-0.4263,1
0,1,0,0,0,0,0,0.0332,0.3733,0
0,1,0,0,0,0,0,-1.0254,0.9506,0
9,0,0,0,0,0,1,1.9993,-0.5337,1
9,0,0,0,0,0,0,1.9993,-0.4466,1
2,1,0,0,0,0,0,-0.1723,0.1466,1
1,1,0,0,0,0,0,0.584,0.1906,1
5,0,0,0,0,0,0,0.2189,-0.0865,1
3,1,0,0,0,0,0,0.5108,0.1046,1
3,1,0,0,0,0,0,0.1844,0.0521,1
0,1,0,0,0,0,0,-1.0254,0.8317,0
4,1,0,0,0,1,0,0.1487,-0.3602,1
8,1,0,0,0,0,0,0.2189,-0.3763,1
4,1,0,0,0,0,0,0.5108,-0.4318,1
3,1,0,0,1,0,0,-0.9142,0.0518,1
6,1,0,0,0,0,0,-0.052000000000000005,-0.3215,1
6,1,0,0,0,0,0,0.0332,-0.3424,1
2,1,0,0,0,0,0,-0.4608,0.3521,1
2,1,0,0,0,0,0,-0.2477,-0.2661,1
3,1,0,0,1,0,0,-0.9142,0.4739,1
2,1,0,0,0,0,0,-0.2779,-0.0211,1
3,1,0,0,0,0,0,-0.8141,0.3737,1
2,1,0,0,0,0,0,-0.9142,0.2634,1
0,0,0,0,0,0,0,-0.0767,0.3358,0
4,1,0,0,0,0,0,-0.9142,0.2634,1
6,1,0,0,0,0,0,-0.6398,-0.1385,1
2,1,0,0,0,0,0,-1.0254,0.3623,1
1,1,0,0,0,0,0,-1.1506,0.4876,1
7,1,0,0,0,0,0,-0.3621,-0.245,1
1,1,0,0,0,0,0,-1.0254,0.5976,1
3,1,0,0,0,0,0,-0.5628,0.3105,1
0,1,0,0,0,0,0,-0.3033,0.1646,0
2,1,0,0,0,0,0,-0.9142,0.4739,1
2,1,0,0,0,0,0,-0.6044,0.271,1
1,1,0,0,0,0,0,-0.7231,0.29100000000000004,1
8,1,0,0,0,0,0,0.674,-0.4596,1
1,1,0,0,0,0,0,-0.7231,0.37799999999999995,1
0,1,0,0,0,0,0,-0.6398,0.3015,0
4,1,0,0,0,0,0,0.5108,-0.4318,1
1,1,0,0,0,0,0,-1.0254,-0.5777,1
1,1,0,0,0,0,0,-0.7231,0.2041,1
1,1,0,0,0,0,0,-1.0254,0.3623,1
0,1,0,0,0,0,0,-0.2779,0.146,0
1,1,0,0,0,0,0,-1.0254,0.3623,1
0,1,0,0,0,0,0,-0.7231,0.1606,0
1,1,0,0,0,0,0,-0.8141,0.2785,1
1,1,0,0,0,0,0,-0.8141,0.3737,1
4,1,0,0,0,1,0,0.1487,-0.3602,1
3,1,0,0,0,0,0,-0.4608,0.2912,1
2,1,0,0,0,0,0,-0.9142,0.4739,1
4,0,0,0,0,0,0,0.6073,-0.0084,1
7,0,0,0,0,0,1,0.1487,-0.298,1
3,0,0,1,0,0,0,-0.3621,0.3005,1
1,1,0,0,0,0,0,-0.052000000000000005,0.0001,1
1,0,0,0,1,0,0,-0.3033,0.3737,1
3,0,0,1,0,0,0,-0.3621,0.3005,1
4,0,0,0,1,0,0,0.3755,0.1441,1
1,0,0,0,0,0,0,-0.9142,0.6318,1
6,0,0,0,0,0,0,1.4347,-0.4068,1
2,0,0,0,0,0,0,-0.396,0.0179,1
6,0,0,0,0,0,0,0.9205,-0.418,1
10,1,0,0,0,0,0,1.4347,-0.3265,1
0,0,0,0,0,0,0,-0.9142,0.5265,0
4,1,0,0,0,0,0,-0.052000000000000005,-0.3215,1
0,0,0,0,0,0,0,-0.2477,0.2953,0
3,0,0,0,0,0,0,0.0332,-0.1792,1
1,0,0,0,0,0,0,-0.1723,0.1491,1
1,0,0,0,0,0,0,0.5108,0.5094,1
3,0,0,0,0,0,0,-0.052000000000000005,0.0845,1
7,1,0,0,0,0,0,0.5108,-0.402,1
4,0,0,0,1,0,0,0.3755,-0.3765,1
3,1,0,0,1,0,0,0.9205,-0.461,1
3,1,0,0,1,0,0,1.9993,-0.5379999999999999,1
6,1,0,0,1,0,0,0.40399999999999997,-0.3822,1
3,0,0,0,0,0,0,0.584,-0.2497,1
2,0,0,0,0,0,0,-0.3621,-0.3207,1
7,0,0,0,0,0,0,-0.052000000000000005,-0.4555,1
5,0,0,0,0,0,1,0.5108,-0.38299999999999995,1
3,1,0,0,0,0,0,-0.0767,-0.3845,1
1,1,0,0,0,0,0,-1.0254,0.5976,1
3,1,0,0,0,0,0,-0.6398,-0.1385,1
3,0,0,0,1,0,0,-0.396,0.1997,1
11,0,0,1,0,0,0,0.2189,-0.0865,1
2,1,0,0,1,0,0,-0.9142,0.4739,1
4,1,0,0,0,0,1,0.3755,-0.1157,1
5,0,0,0,1,0,1,0.3755,-0.3548,1
0,1,1,0,0,0,0,0.0332,0.6019,0
3,1,1,0,0,0,0,0.3295,0.4208,1
8,0,0,0,0,0,1,0.6073,-0.4009,1
8,0,0,0,0,0,0,0.3295,-0.3989,1
5,0,0,0,0,0,0,-0.4608,-0.1837,1
0,0,0,0,0,1,0,-0.0767,0.0806,0
4,1,0,0,0,1,0,0.1487,-0.3602,1
9,0,0,0,0,0,1,0.5108,-0.38299999999999995,1
5,0,0,0,0,0,0,0.5108,-0.1984,1
3,0,0,0,1,0,0,-0.5628,-0.0229,1
11,0,0,0,0,0,0,0.9205,-0.4644,1
6,0,0,0,0,0,1,1.0758,-0.467,1
5,0,0,0,0,0,0,0.0332,-0.2536,1
6,0,0,0,0,0,0,1.4347,-0.4979,1
4,1,0,0,0,0,1,-0.4608,0.3521,1
2,1,0,0,0,0,0,-1.1506,0.7543,1
7,1,0,0,0,0,0,-0.3033,-0.264,1
4,1,0,0,0,0,0,-0.2779,-0.0211,1
2,1,0,0,0,0,0,-0.8141,0.3737,1
2,0,0,0,0,0,0,0.1117,0.0638,1
4,0,0,0,0,0,0,0.5108,-0.1473,1
3,1,0,0,0,0,0,-0.3621,-0.245,1
0,0,0,0,0,1,0,2.8247,0.1307,0
4,0,0,0,0,0,0,0.5108,-0.0207,1
3,0,0,0,0,0,0,0.3755,0.06,1
5,0,0,0,0,0,0,1.9993,-0.252,1
4,0,0,0,0,0,0,0.40399999999999997,-0.0425,1
6,0,0,0,0,0,0,-0.3033,-0.264,1
6,0,0,0,0,0,0,-0.3033,-0.264,1
8,0,0,0,0,0,0,-0.3033,-0.264,1
2,0,0,0,0,0,0,-0.7231,0.1162,1
2,0,0,0,0,0,0,-0.9142,0.2623,1
7,0,0,0,0,0,0,0.5108,-0.3503,1
7,0,0,0,0,0,0,1.1181,-0.4124,1
4,0,0,0,0,0,0,0.1844,-0.2626,1
5,0,0,0,0,0,0,0.3157,-0.2091,1
5,1,0,0,0,0,0,-0.9142,-0.1629,1
7,0,0,0,0,0,1,1.9993,-0.5337,1
3,1,0,0,0,0,0,-0.9142,0.0528,1
2,1,0,0,0,0,0,-0.9738,0.0916,1
6,1,0,1,0,0,0,0.8863,-0.4812,1
6,1,0,0,0,0,0,-0.6398,-0.0985,1
5,1,0,0,0,0,0,-0.7231,-0.0568,1
4,1,0,0,0,0,0,-1.0254,0.127,1
4,1,0,0,0,0,0,-0.7231,-0.0568,1
4,1,0,0,0,0,0,-1.0254,0.127,1
3,1,0,0,0,0,0,-0.7231,-0.0568,1
3,1,0,0,0,0,0,-0.8141,-0.0072,1
4,1,0,0,0,0,0,-0.1723,-0.2774,1
4,1,0,0,0,0,0,-0.9142,0.0528,1
4,1,0,0,1,0,0,-0.3621,-0.2147,1
5,0,0,0,0,0,0,0.2189,-0.0772,1
0,1,0,0,0,0,1,-0.4608,0.3721,0
7,1,0,0,0,0,0,1.4347,-0.4975,1
5,0,0,0,0,0,0,0.1487,-0.3253,1
0,0,0,0,0,0,0,0.6073,0.3867,0
0,1,0,0,1,0,0,1.4347,0.2213,0
0,1,0,0,1,0,0,1.4347,0.2213,0
1,1,0,0,0,0,0,0.9205,0.2542,1
1,1,0,0,0,0,0,0.9205,0.2542,1
2,1,0,0,0,0,0,0.9205,0.2542,1
1,0,0,0,0,0,0,-0.2237,0.2133,1
2,0,0,0,0,0,0,0.5108,0.055,1
3,0,0,0,0,0,0,-0.8141,-0.1977,1
7,0,0,0,0,0,0,-0.1723,-0.3777,1
4,0,0,0,0,0,0,-0.1723,-0.3777,1
11,0,0,0,0,0,0,1.4144,-0.5368,1
3,1,0,1,0,0,0,-0.3621,0.3253,1
3,1,0,1,0,0,0,-0.3033,0.2737,1
2,1,0,1,0,0,0,-0.3621,0.3253,1
0,0,0,0,1,0,1,0.6073,0.3637,0
0,0,0,0,0,0,0,-0.8141,0.369,0
6,0,0,0,1,0,0,0.3755,-0.2594,1
5,0,0,0,1,0,0,1.9993,-0.5149,1
5,0,0,0,0,0,0,1.9993,-0.5435,1
4,1,0,1,0,0,0,-0.3621,-0.2892,1
1,1,0,0,0,0,0,-0.9738,0.5385,1
5,1,0,0,0,0,0,-0.4574,-0.2117,1
6,1,0,0,0,0,0,0.4852,-0.4351,1
5,1,0,0,0,0,0,-0.5628,-0.171,1
6,1,0,0,0,0,0,-0.6044,-0.1537,1
6,1,0,0,0,0,0,-0.3621,-0.245,1
5,1,0,0,0,0,0,0.5108,-0.4387,1
7,0,0,1,0,0,0,1.0758,-0.4948,1
0,0,0,0,0,0,1,0.5108,0.5046,0
2,0,0,0,0,0,0,0.5108,0.2056,1
2,1,0,0,0,0,0,-0.9142,0.7659,1
0,1,0,0,0,0,0,-1.1506,1.1241,0
1,1,0,0,0,0,0,-0.5628,0.6641,1
1,1,0,0,0,0,0,-0.7231,0.7931,1
1,1,0,0,0,0,0,-1.0254,1.0416,1
1,1,0,0,0,0,0,-0.9142,0.9764,1
0,1,0,0,0,0,0,-0.8141,0.8284,0
1,1,0,0,0,0,0,-0.7231,0.5322,1
2,1,0,0,0,0,0,-1.0254,0.9239,1
0,1,0,0,0,0,0,-0.4608,0.6105,0
2,1,0,0,0,0,0,-0.7231,0.7061,1
0,1,0,0,0,0,0,-0.8141,0.7331,0
0,1,0,0,0,0,0,-0.3033,0.4374,0
1,1,0,0,0,0,0,-0.2779,0.4119,1
1,1,0,0,0,0,0,-1.0254,1.0416,1
5,1,0,0,0,0,0,-0.052000000000000005,-0.1332,1
2,0,0,0,1,0,0,-0.052000000000000005,0.0663,1
3,0,0,1,0,0,0,-0.3621,0.3005,1
2,0,0,0,0,0,0,-0.396,0.0179,1
0,0,0,0,0,0,0,-0.3621,0.5072,0
1,0,0,0,0,0,0,-0.3033,0.4452,1
0,0,0,0,0,0,0,-0.3621,0.5072,0
0,0,0,0,0,0,0,-0.3621,0.5072,0
0,0,0,0,0,0,0,-0.052000000000000005,0.2179,0
2,0,0,0,0,0,0,0.2189,0.0291,1
3,0,0,1,0,0,0,-0.3621,0.3005,1
1,0,0,1,0,0,0,-0.3621,0.3005,1
5,0,0,0,0,0,0,-0.2477,-0.2566,1
1,0,0,0,0,0,0,-0.9142,0.6318,1
0,0,0,0,0,0,0,-0.9142,0.5265,0
0,1,0,0,0,0,0,-0.9142,0.5781,0
4,0,0,1,0,0,0,-0.3621,-0.3056,1
2,1,0,0,0,0,0,-0.4574,0.221,1
1,1,0,0,0,0,0,-0.9142,0.6834,1
3,1,0,0,0,0,0,-0.9142,0.5781,1
6,1,0,0,0,0,0,0.8863,-0.5431,1
4,1,0,0,0,0,0,0.7455,-0.4187,1
3,1,0,0,0,0,0,0.1117,-0.2781,1
5,1,0,0,0,0,0,0.5108,-0.3767,1
8,1,0,0,1,0,0,1.4347,-0.4979,1
6,0,0,0,0,0,0,-0.4608,-0.1837,1
7,0,0,0,0,1,0,0.3755,-0.1754,1
2,0,0,0,0,0,0,0.5108,0.1765,1
4,1,1,1,0,0,0,-0.3033,-0.23600000000000002,1
5,0,0,0,0,0,0,0.1844,-0.4205,1
11,0,0,1,0,0,0,0.2189,-0.3577,1
1,1,0,0,0,0,1,0.0332,0.3733,1
1,1,0,0,0,0,1,-0.2477,0.0277,1
2,0,1,0,1,0,0,0.0534,0.0023,1
2,1,0,0,0,0,1,-0.4608,0.3521,1
8,0,0,1,0,0,0,0.2189,-0.3577,1
3,1,0,0,1,0,0,-1.0254,0.127,1
2,1,0,0,0,0,0,-1.1506,0.7543,1
5,1,0,0,0,0,0,-0.4574,-0.2117,1
0,1,0,0,0,0,1,0.5108,0.3869,0
4,1,0,0,0,0,0,-0.3033,-0.264,1
1,1,0,0,0,0,1,-0.9142,0.4802,1
6,1,0,0,0,0,0,-0.2237,-0.28800000000000003,1
2,1,0,0,1,0,0,-0.9142,0.4739,1
0,1,0,0,0,0,1,-1.0254,0.4988,0
0,1,0,0,0,0,0,-1.0254,0.5976,0
1,1,0,0,0,0,0,-0.9142,0.4739,1
6,1,0,1,0,0,0,-0.3621,-0.2892,1
4,1,0,0,0,0,0,0.584,-0.2485,1
3,0,0,0,0,0,0,1.4347,-0.5125,1
5,1,0,0,0,0,0,0.5108,-0.2235,1
6,0,0,0,0,0,0,0.6073,-0.4285,1
3,0,0,0,0,0,0,-0.3621,-0.2759,1
5,0,0,0,0,0,0,1.0758,-0.3187,1
2,0,0,0,0,1,0,-0.0767,0.0806,1
3,1,0,0,0,0,0,0.2189,-0.5102,1
4,0,0,0,0,0,0,-0.1723,-0.3777,1
6,0,0,0,0,0,0,-0.1723,-0.3777,1
4,0,0,0,0,0,1,0.0332,-0.2638,1
2,1,0,0,0,0,0,0.3755,0.289,1
5,0,0,0,0,0,0,0.584,-0.2497,1
0,1,0,0,0,0,0,-0.8141,0.3737,0
2,1,0,0,1,0,0,0.9205,-0.3098,1
7,0,0,0,0,0,0,0.5108,-0.4071,1
2,1,0,0,0,0,1,0.0332,0.3733,1
1,1,0,0,0,0,0,0.3295,0.5285,1
0,1,0,0,1,0,0,-0.9738,0.6447,0
6,1,0,0,0,0,0,-0.3033,-0.264,1
0,1,0,0,1,0,0,-0.9142,0.5739,0
10,1,0,0,0,0,0,0.3157,-0.3703,1
0,1,1,0,0,0,0,0.3755,-0.4722,0
2,0,0,0,0,0,0,0.6073,0.1336,1
1,1,0,0,0,0,0,0.3755,0.289,1
5,0,0,0,0,0,0,0.5108,-0.4767,1
5,0,1,1,0,0,0,1.8779,-0.5265,1
8,0,1,1,0,0,0,0.9205,-0.4442,1
4,0,1,1,0,0,0,0.2189,-0.3085,1
5,0,1,1,0,0,0,0.8863,-0.4396,1
5,0,1,1,0,0,0,0.2189,-0.3085,1
5,0,1,1,0,0,0,-0.052000000000000005,-0.2248,1
6,1,0,1,0,0,0,0.2189,-0.0726,1
4,1,0,1,0,0,0,0.8863,-0.3186,1
4,1,0,1,0,0,0,0.2189,-0.0726,1
4,1,0,1,0,0,0,-0.052000000000000005,0.0845,1
3,1,0,1,0,0,0,-0.3621,0.3253,1
2,1,0,1,0,0,0,-0.3621,0.3253,1
2,1,0,1,0,0,0,-0.3033,0.2737,1
3,1,0,1,0,0,0,-0.3621,0.3253,1
0,1,0,0,0,0,0,-1.0254,0.3623,0
2,0,0,0,0,0,0,0.5108,0.1252,1
5,0,0,0,0,0,0,0.7455,-0.4588,1
7,1,0,0,0,0,0,0.1487,-0.214,1
4,0,0,0,0,0,0,0.8863,-0.5085,1
5,1,0,0,0,0,0,0.0332,-0.1695,1
5,1,0,0,0,0,0,0.1117,-0.2003,1
3,0,0,0,0,0,0,0.0332,-0.3352,1
3,0,0,0,0,1,0,-0.2477,-0.2566,1
0,0,0,0,0,1,0,0.5108,0.259,0
3,0,0,0,1,0,0,-0.6044,-0.1962,1
5,1,0,0,0,0,0,0.3295,-0.4105,1
4,1,0,0,0,0,0,0.1487,-0.3253,1
5,0,0,0,1,0,0,0.9205,-0.33,1
6,1,0,0,0,1,0,-0.3033,-0.2234,1
3,1,0,0,0,1,0,-0.9738,0.1151,1
4,1,0,0,0,1,0,-0.9142,0.0749,1
1,1,0,0,0,1,0,-1.0923,0.2022,1
3,1,0,0,0,1,0,-0.6398,-0.0817,1
5,0,0,0,0,0,0,1.0758,-0.3584,1
4,0,0,0,0,0,0,0.5108,-0.4767,1
5,1,0,1,0,0,0,-0.3621,-0.0359,1
4,1,0,1,0,0,0,0.2189,-0.0726,1
11,1,0,1,0,0,0,0.8863,-0.3186,1
7,1,0,1,0,0,0,0.2189,-0.0726,1
8,1,0,1,0,0,0,-0.052000000000000005,0.0845,1
6,1,0,1,0,0,0,-0.3621,0.3253,1
4,1,0,1,0,0,0,-0.3621,0.3253,1
4,1,0,1,0,0,0,-0.3033,0.2737,1
5,1,0,1,0,0,0,-0.3621,0.3253,1
2,1,0,0,0,0,1,-0.4608,0.3721,1
5,0,0,0,0,0,0,0.5108,-0.1984,1
0,1,0,0,1,0,0,-0.6398,0.3383,0
0,0,0,0,0,0,0,-0.2477,0.1196,0
2,0,0,0,0,0,0,0.1487,-0.289,1
0,1,1,0,0,0,0,0.0332,0.6019,0
4,1,0,0,0,0,0,-0.2477,-0.2539,1
6,1,0,0,0,0,0,-0.0767,-0.3048,1
1,1,0,0,1,0,0,-0.9738,0.5899,1
7,1,0,0,0,0,0,0.3295,-0.4105,1
7,0,0,0,0,0,0,-0.052000000000000005,-0.3159,1
6,1,0,1,0,0,0,-0.3621,-0.2147,1
0,1,1,0,0,0,0,0.0332,0.6019,0
0,0,0,0,0,0,0,-0.2477,0.2272,0
6,0,0,0,0,0,0,-0.0767,-0.3093,1
8,0,0,0,0,0,0,0.3295,-0.3989,1
0,1,1,0,0,0,0,0.1487,0.4732,0
5,0,0,0,0,0,0,-0.4608,-0.1837,1
1,1,1,0,0,0,0,0.6073,0.4775,1
2,1,0,0,0,0,1,-0.4608,0.3721,1
0,1,0,0,0,0,1,0.0332,0.3856,0
0,1,0,0,0,0,0,-0.7231,0.29100000000000004,0
5,1,0,0,0,0,0,-0.7231,-0.1003,1
1,1,0,0,0,0,0,-1.0254,0.5976,1
1,1,0,0,0,0,0,-1.0254,0.5976,1
7,1,0,0,0,0,0,-0.1723,-0.3025,1
5,1,0,0,0,0,0,-0.3033,-0.264,1
4,1,0,0,0,0,0,0.3157,-0.4088,1
1,1,0,0,1,0,0,-0.9142,0.4739,1
8,0,0,0,0,1,0,1.9993,-0.4921,1
8,0,0,0,0,0,0,-0.3621,-0.3207,1
5,0,0,0,0,0,0,0.3755,-0.1754,1
0,1,0,0,0,0,0,0.5108,0.8375,0
3,0,0,0,0,0,0,-0.396,-0.1394,1
6,0,0,0,0,0,0,0.8863,-0.4561,1
8,1,0,0,0,0,0,-0.3621,-0.3668,1
6,0,0,0,0,0,0,0.8863,-0.4561,1
7,0,0,0,0,0,0,0.5108,-0.4007,1
4,0,0,0,0,0,0,0.0534,-0.2981,1
0,1,1,0,0,0,0,0.7365,0.4506,0
7,0,0,0,0,0,0,0.7455,-0.4377,1
2,0,0,0,0,0,0,-0.8141,0.3737,1
5,0,0,0,0,0,0,-0.052000000000000005,-0.267,1
3,0,0,0,0,0,0,-1.0254,0.5976,1
7,0,0,0,0,0,0,0.0332,-0.2924,1
3,1,0,0,0,0,0,-0.4608,-0.1135,1
4,0,0,0,0,0,0,-0.2477,-0.1998,1
5,0,0,0,0,0,0,-0.052000000000000005,-0.267,1
3,0,0,0,1,0,0,-1.0923,0.0437,1
1,1,0,0,0,0,1,-0.4608,0.3721,1
6,0,0,0,0,0,0,-0.3033,-0.2954,1
3,0,0,0,0,1,0,-0.052000000000000005,-0.2781,1
5,0,0,0,0,0,0,-0.6398,0.2215,1
2,1,0,0,0,0,0,-1.1506,0.7543,1
4,1,0,0,0,0,0,-0.7231,-0.1003,1
4,1,0,0,0,0,0,-0.6398,-0.1385,1
3,1,0,0,0,0,0,-1.0254,0.5976,1
7,0,1,0,0,0,0,-0.3033,-0.4343,1
7,0,1,1,0,0,0,0.8863,-0.4396,1
6,0,1,1,0,0,0,0.2189,-0.3085,1
5,0,1,1,0,0,0,0.2189,-0.3085,1
5,0,1,1,0,0,0,-0.052000000000000005,-0.2248,1
2,0,0,0,0,0,0,-0.3621,0.1163,1
0,0,0,0,0,0,0,-0.2477,0.2272,0
3,0,0,0,0,0,0,-1.0923,0.6789,1
0,1,1,0,0,0,0,0.6073,0.4775,0
2,0,0,0,0,0,0,-0.0767,-0.3093,1
5,0,0,0,0,0,0,-0.052000000000000005,-0.3159,1
8,0,0,0,0,0,0,0.5108,-0.38299999999999995,1
3,0,0,0,1,0,0,-0.9142,0.4739,1
6,1,0,0,0,0,0,-0.9142,-0.1629,1
4,1,0,0,0,0,0,-0.9142,-0.1629,1
4,0,0,0,1,0,0,-0.9142,0.4739,1
6,1,0,0,0,0,0,0.0332,-0.3332,1
3,0,0,0,0,0,0,-0.4608,-0.1837,1
1,1,0,0,0,0,0,-1.0923,0.6789,1
0,1,0,0,0,0,1,-1.0254,0.4988,0
0,1,0,0,0,0,1,0.5108,0.3869,0
4,0,0,1,0,0,0,-0.3621,0.3005,1
2,1,0,0,0,0,1,-0.4608,0.3721,1
0,1,0,0,0,0,1,0.0332,0.3488,0
4,1,0,0,0,0,0,-0.5628,-0.171,1
4,1,0,0,0,0,0,-0.3033,-0.264,1
3,1,0,0,0,0,0,-0.9142,0.4739,1
8,1,0,0,0,0,0,0.4852,-0.4351,1
2,1,0,0,0,0,0,-0.9738,0.5385,1
5,0,0,0,0,0,0,0.3755,-0.2594,1
3,1,0,0,0,0,0,-1.0254,0.127,1
5,1,0,0,0,0,0,-0.7231,-0.0568,1
4,1,0,0,0,0,0,-0.8141,-0.0072,1
5,1,0,0,0,0,0,-0.8141,-0.0072,1
1,1,1,0,0,0,0,0.0332,0.6019,1
7,0,0,0,0,0,0,0.6073,-0.4009,1
6,1,0,0,0,0,0,-0.6398,-0.0985,1
7,0,0,0,0,0,0,1.9993,-0.5337,1
7,0,1,0,1,0,0,0.2189,-0.4001,1
1,1,1,0,0,0,0,0.6073,0.4775,1
5,1,0,0,0,1,0,-0.2237,-0.2906,1
2,1,0,0,0,0,0,-1.0254,0.5976,1
5,1,0,0,0,0,0,-0.9142,0.4739,1
2,1,0,0,0,0,0,-1.0254,0.5976,1
5,1,0,0,0,0,0,0.3157,-0.4088,1
0,0,0,0,0,0,0,0.3755,0.4641,0
1,0,0,0,0,1,0,-0.0767,-0.2615,1
5,0,0,0,0,0,0,0.6073,0.0186,1
4,0,0,0,0,0,0,0.9205,0.10300000000000001,1
3,0,0,0,0,0,0,0.5108,0.1945,1
7,1,0,1,0,0,0,0.9205,-0.3348,1
10,1,0,1,0,0,0,0.2189,-0.0726,1
10,1,0,1,0,0,0,0.2189,-0.0726,1
8,1,0,1,0,0,0,-0.052000000000000005,0.0845,1
6,1,0,1,0,0,0,-0.3621,0.3253,1
5,1,0,1,0,0,0,-0.3621,0.3253,1
5,1,0,1,0,0,0,-0.3033,0.2737,1
6,1,0,1,0,0,0,-0.3621,0.3253,1
1,1,0,0,0,0,0,-0.4608,0.0905,1
7,1,0,0,0,0,0,0.4852,-0.4351,1
4,1,0,0,0,0,0,-0.3621,-0.245,1
3,0,0,0,0,1,0,0.3755,-0.1754,1
5,0,0,0,0,0,0,1.4144,-0.0597,1
3,1,0,0,0,0,0,-0.7231,-0.1003,1
0,0,0,0,0,0,0,-0.3033,0.3183,0
1,1,0,0,0,0,0,-0.9142,0.4739,1
4,1,0,0,0,0,0,-0.052000000000000005,-0.3337,1
0,1,0,0,0,0,0,0.5108,0.5616,0
4,0,0,0,0,0,0,0.7365,-0.4612,1
2,1,0,0,0,0,0,-0.2779,-0.0211,1
8,0,0,0,0,0,0,-0.2237,-0.3144,1
7,0,0,0,0,0,0,0.3295,-0.3989,1
8,0,0,0,0,0,0,0.7365,-0.4587,1
0,0,0,0,0,0,0,-0.4608,0.726,0
3,0,0,0,1,0,0,-0.9142,0.1055,1
6,1,0,0,0,0,0,1.9993,-0.4920000000000001,1
8,0,0,0,0,0,0,0.3295,-0.3959,1
7,1,0,0,0,0,0,0.6073,-0.3478,1
4,0,0,0,0,0,0,-0.2477,-0.3755,1
0,1,1,0,0,0,0,0.7365,0.5415,0
5,1,0,1,0,0,0,-0.3621,-0.2892,1
0,1,0,0,0,0,0,-0.9142,0.9764,0
0,1,1,0,0,0,0,0.3295,0.3692,0
2,1,0,0,0,0,0,-0.0767,-0.1221,1
4,1,0,0,0,0,1,-0.4608,0.3655,1
2,1,0,0,0,0,0,-0.2477,-0.0371,1
5,1,0,0,0,0,0,-0.052000000000000005,-0.1332,1
6,0,0,0,1,0,0,0.0332,-0.1695,1
0,1,1,0,0,0,0,0.0332,0.6019,0
2,1,0,0,0,0,0,-0.3033,-0.0063,1
3,0,0,0,0,0,0,-0.3033,-0.1497,1
5,0,0,0,1,0,0,-0.9142,-0.1314,1
2,0,0,0,1,0,0,-1.1506,0.3876,1
3,0,0,0,1,0,0,0.7455,-0.3775,1
7,0,0,0,1,0,0,-0.6398,-0.2385,1
5,0,0,0,1,0,0,-0.8141,-0.1739,1
5,0,0,0,1,0,0,-0.4608,-0.2941,1
5,0,0,0,1,0,0,0.5108,-0.4703,1
7,0,0,0,1,0,0,0.1844,-0.4289,1
11,1,0,0,0,0,1,-0.6044,-0.231,1
4,0,0,0,0,1,0,0.1117,-0.2003,1
6,0,0,0,0,0,0,-0.052000000000000005,-0.2692,1
7,0,0,0,0,0,0,0.3755,-0.3765,1
4,0,0,0,1,0,0,-0.7231,-0.3377,1
10,1,0,0,0,0,0,0.9205,-0.4768,1
2,0,0,0,0,0,0,0.2189,0.1325,1
4,0,0,0,0,0,0,-0.4608,0.1423,1
0,1,0,0,0,0,0,-0.052000000000000005,0.7454,0
1,0,0,0,0,0,0,1.4347,0.3268,1
5,0,0,0,0,0,1,0.0332,-0.2638,1
5,0,0,0,0,0,1,0.5108,-0.426,1
6,0,0,0,0,0,0,-0.9142,-0.0577,1
4,0,0,0,0,0,0,-0.2237,-0.3935,1
10,1,1,0,0,0,0,0.40399999999999997,-0.4429,1
7,0,0,0,0,0,1,0.40399999999999997,-0.3611,1
2,0,0,0,0,0,0,0.1487,0.5405,1
8,0,0,0,1,0,1,0.3755,-0.3548,1
1,1,0,0,0,0,0,-0.3033,0.1023,1
3,1,0,0,0,0,0,-0.2237,-0.2616,1
0,1,1,0,0,0,0,0.7365,0.5415,0
7,0,0,0,0,0,1,1.9993,-0.5337,1
2,1,1,0,0,0,0,0.3295,0.3692,1
7,0,0,0,0,0,0,0.40399999999999997,-0.1413,1
3,0,0,0,0,0,0,0.5108,-0.1855,1
5,0,0,0,0,0,0,0.5108,-0.1855,1
3,0,0,0,0,0,0,0.3755,-0.1287,1
0,1,1,0,0,0,0,0.0332,0.6019,0
6,0,0,0,0,0,0,0.5108,-0.4007,1
6,0,0,0,0,0,0,0.5108,-0.4007,1
6,0,0,0,0,0,0,0.6073,-0.41700000000000004,1
1,0,0,0,0,0,0,-0.3621,0.2702,1
6,0,0,0,0,0,0,0.9205,-0.2669,1
1,0,0,0,0,1,0,-0.0767,0.1467,1
5,1,0,1,0,0,0,0.2189,-0.0726,1
6,1,0,1,0,0,0,0.8863,-0.3186,1
6,1,0,1,0,0,0,0.2189,-0.0726,1
5,1,0,1,0,0,0,-0.052000000000000005,0.0845,1
4,1,0,1,0,0,0,-0.3621,0.3253,1
5,1,0,1,0,0,0,-0.3621,0.3253,1
0,1,0,0,0,0,0,0.1117,0.4031,0
5,0,0,0,0,0,0,-0.2477,-0.36200000000000004,1
5,0,0,0,0,0,0,-0.0767,-0.3959,1
6,0,0,0,0,0,1,0.5108,-0.38299999999999995,1
0,1,1,0,0,0,0,0.0332,0.6019,0
2,0,0,0,0,0,0,0.40399999999999997,0.408,1
4,0,0,0,0,0,0,-1.0254,0.0035,1
2,0,0,0,0,0,0,-1.0923,0.0437,1
2,1,1,0,0,0,0,0.7365,0.5415,1
0,0,0,0,1,0,0,-0.3621,0.2072,0
6,0,0,0,0,0,0,0.6073,-0.4285,1
2,1,1,0,0,0,0,0.3295,0.3692,1
1,1,0,0,0,0,0,-0.3621,0.2363,1
6,0,0,0,0,0,0,0.0332,-0.3761,1
0,0,0,0,1,0,0,-0.9142,0.3949,0
2,0,0,0,0,0,0,0.1487,0.3296,1
9,0,0,0,0,0,0,1.0758,-0.5131,1
5,0,0,0,0,0,0,0.0332,-0.3944,1
11,0,0,0,0,0,0,1.4347,-0.5326,1
6,0,0,0,1,0,0,-0.3033,-0.3845,1
4,0,0,0,0,0,0,0.1117,-0.4082,1
7,0,0,0,0,0,0,0.7365,-0.48700000000000004,1
5,0,0,0,0,0,0,0.0332,-0.3944,1
5,0,0,0,0,0,0,1.9993,-0.552,1
6,0,0,0,0,0,0,0.3755,-0.4475,1
5,0,0,0,0,0,0,0.5108,-0.46399999999999997,1
2,1,0,0,0,0,1,-0.4608,0.3655,1
6,0,0,0,0,0,0,0.23399999999999999,-0.4111,1
1,1,0,0,0,1,0,-0.0767,-0.1686,1
4,0,0,0,0,0,1,0.1844,-0.2798,1
6,0,0,0,0,0,0,-1.0254,-0.1083,1
6,0,0,0,0,0,0,-0.3621,-0.3359,1
4,0,0,0,0,0,0,0.5108,-0.4767,1
5,0,0,0,0,0,0,-0.1723,-0.3777,1
6,0,0,0,0,0,1,0.40399999999999997,-0.3611,1
5,1,0,0,0,0,0,0.0332,-0.0103,1
4,0,0,0,0,0,0,0.1844,-0.4026,1
3,0,0,0,1,0,1,0.3755,-0.3548,1
4,0,0,0,0,0,0,-0.6044,-0.1962,1
2,1,0,0,0,0,0,0.1487,0.1489,1
0,1,0,0,0,0,0,-0.3033,0.336,0
0,1,0,0,0,0,0,0.1117,0.4031,0
5,0,0,0,0,0,1,0.7365,-0.4223,1
4,1,0,0,0,0,0,-0.9738,0.3151,1
1,1,0,0,0,0,0,-1.0923,0.4273,1
1,1,0,0,0,0,0,0.0332,0.3199,1
3,1,0,0,0,0,0,0.6073,-0.2352,1
8,0,0,0,0,0,1,0.9205,-0.4484,1
6,0,0,0,0,0,0,0.6073,-0.4319,1
0,1,0,0,0,0,0,0.2189,0.7762,0
0,1,0,0,0,0,1,0.5108,0.33399999999999996,0
6,1,0,0,0,0,0,1.4347,-0.4293,1
1,1,1,0,0,0,0,0.7365,0.5415,1
1,1,0,0,0,0,1,0.40399999999999997,0.435,1
1,1,1,0,0,0,0,0.0332,0.6019,1
1,1,0,0,0,0,1,0.0332,0.3652,1
2,1,0,0,0,0,0,-0.9142,0.4739,1
6,1,0,0,0,0,0,-0.6398,-0.1385,1
2,1,1,0,0,0,0,0.3295,0.3692,1
5,1,0,0,0,0,0,-0.7231,-0.1003,1
2,1,0,0,0,0,0,-0.7231,0.29100000000000004,1
1,1,0,0,0,0,0,-1.0254,0.5976,1
1,0,0,0,1,0,0,-0.6398,0.0415,1
5,1,0,0,0,0,0,0.2189,-0.1828,1
3,1,0,0,0,0,0,0.2001,-0.1742,1
0,0,0,0,0,0,0,0.1844,0.1325,0
6,0,0,0,0,0,0,0.5108,-0.4389,1
3,0,0,0,0,0,0,-0.052000000000000005,-0.3341,1
4,1,0,0,1,0,0,-1.0254,-0.1542,1
3,0,0,0,0,0,0,-0.0767,-0.32799999999999996,1
7,0,0,0,0,0,0,1.0758,-0.4988,1
5,1,0,0,0,0,0,-0.8141,-0.2348,1
8,0,0,0,1,0,0,0.5108,-0.4389,1
3,0,0,0,0,0,0,-0.1723,-0.0037,1
5,1,0,0,0,0,0,0.1487,-0.214,1
6,1,0,0,0,0,0,0.0332,-0.1695,1
1,0,0,0,1,0,0,1.0758,0.1561,1
4,0,0,0,0,0,0,-0.052000000000000005,-0.3341,1
3,1,0,0,0,0,1,-0.6044,-0.231,1
6,0,0,0,0,0,0,-0.052000000000000005,-0.3341,1
8,0,0,0,0,0,0,-0.052000000000000005,-0.3341,1
6,0,0,0,1,0,0,0.0332,-0.2107,1
8,0,0,0,0,0,0,-0.052000000000000005,-0.3341,1
8,0,0,1,0,0,0,-0.3621,-0.3359,1
7,0,0,0,0,0,0,0.0332,-0.354,1
5,0,0,0,0,0,0,0.7455,-0.2456,1
7,0,0,1,0,0,0,-0.3621,-0.3359,1
9,0,0,0,0,0,0,0.5108,-0.4767,1
7,0,0,0,0,0,0,0.0534,-0.4381,1
2,0,0,0,0,0,0,0.3295,0.1795,1
5,0,0,0,0,0,1,0.0332,-0.2638,1
4,0,0,0,0,0,0,0.23399999999999999,-0.3947,1
1,0,0,0,0,0,0,-0.2477,0.2272,1
5,0,0,0,0,0,0,0.3295,-0.3989,1
5,0,0,0,0,0,0,0.7365,-0.4587,1
4,0,0,0,0,0,0,1.4347,-0.2159,1
4,1,0,0,0,0,0,0.6073,-0.3478,1
6,0,0,0,0,0,0,0.5108,-0.4521,1
0,1,0,0,0,0,1,-0.3621,0.2793,0
8,1,0,0,0,1,0,1.9993,-0.5379999999999999,1
2,0,0,0,0,0,0,-0.9142,0.0002,1
4,0,0,0,0,0,0,-0.9142,0.0002,1
4,0,0,0,0,0,0,-0.9142,0.0528,1
4,0,0,0,1,0,0,-0.9738,0.0916,1
3,1,0,0,0,0,0,0.1487,0.0005,1
10,0,0,0,1,0,1,0.3755,-0.3548,1
0,1,0,0,0,0,0,-0.2477,0.7587,0
9,0,0,0,0,0,1,0.5108,-0.38299999999999995,1
4,0,0,0,0,0,0,0.0332,-0.0287,1
7,0,0,0,0,0,1,0.5108,-0.38299999999999995,1
8,0,0,0,0,0,1,1.9993,-0.5337,1
6,0,0,0,0,0,0,0.3755,-0.4345,1
0,1,1,0,0,0,0,0.0332,0.6019,0
0,0,1,0,0,0,0,0.0332,0.3929,0
4,0,0,0,1,0,0,-0.9142,-0.0577,1
5,0,0,0,0,0,0,-0.052000000000000005,-0.3559,1
6,1,0,0,0,0,0,1.4347,-0.4279,1
0,1,0,0,0,0,0,0.2189,0.7762,0
9,1,0,0,1,0,0,0.40399999999999997,-0.2988,1
3,0,0,0,1,0,0,-0.3033,-0.3845,1
6,1,0,0,0,0,0,0.1487,-0.0359,1
3,1,0,0,0,0,0,-0.3621,0.2363,1
3,1,0,0,0,0,0,-0.3621,0.226,1
0,0,0,0,0,0,0,-0.052000000000000005,0.5329999999999999,0
3,1,0,1,0,0,0,-0.3621,0.3005,1
1,0,0,0,0,0,0,0.1487,0.4932,1
5,0,0,0,0,0,0,0.0332,-0.3834,1
7,0,0,0,0,0,1,0.0332,-0.2638,1
0,1,0,0,0,0,0,-0.2477,0.7587,0
5,0,0,0,1,0,0,0.23399999999999999,-0.3794,1
1,0,0,0,0,0,1,0.0332,0.107,1
0,1,0,0,0,0,0,-0.052000000000000005,0.7454,0
5,0,0,0,0,0,0,1.9993,-0.5377,1
6,0,0,0,0,0,1,0.0332,-0.2638,1
1,0,0,0,0,0,0,0.40399999999999997,0.261,1
3,0,0,0,0,0,1,0.5108,-0.38299999999999995,1
0,1,1,0,0,0,0,0.0332,0.6019,0
5,1,0,0,0,0,0,-0.1723,-0.2774,1
8,1,0,0,0,0,0,-0.3621,-0.2147,1
3,1,0,0,1,0,0,-1.0254,0.127,1
7,0,0,0,1,0,0,-0.3621,-0.2783,1
9,0,0,0,0,0,0,1.4347,-0.2159,1
0,1,1,0,0,0,0,0.7365,0.5415,0
8,1,0,0,0,0,0,0.5108,-0.4514,1
1,0,0,0,0,0,0,0.1487,0.366,1
6,1,0,0,0,0,0,-0.9142,-0.1629,1
5,0,0,0,1,0,0,1.0758,-0.4843,1
8,0,0,0,0,0,0,0.584,-0.4527,1
3,1,0,1,0,0,0,0.9205,-0.4442,1
5,1,0,1,0,0,0,0.2189,-0.3085,1
5,1,0,1,0,0,0,0.2189,-0.3085,1
6,1,0,1,0,0,0,0.8863,-0.4396,1
9,0,0,0,0,0,0,1.1181,-0.5226,1
1,1,0,0,0,0,0,-1.1506,0.7543,1
6,1,0,0,0,0,0,-0.3033,-0.264,1
8,1,0,1,0,0,0,-0.3621,-0.2892,1
3,1,0,0,0,0,0,-0.7231,-0.1003,1
1,1,0,0,0,0,0,-1.0254,0.5976,1
6,1,0,0,0,0,0,-0.3033,-0.264,1
2,1,0,0,0,0,0,-0.8141,0.3737,1
4,1,0,0,0,0,0,-0.052000000000000005,-0.3337,1
1,1,0,0,0,0,0,0.1487,0.2943,1
0,1,0,0,0,0,0,-0.9738,0.3151,0
0,1,0,0,1,0,0,-1.0923,0.4273,0
0,1,0,0,0,0,0,0.0332,0.3607,0
7,0,0,0,0,0,0,1.9993,-0.3892,1
6,0,0,0,0,0,0,0.5108,-0.4767,1
3,1,0,0,1,0,0,-0.9142,0.2634,1
2,1,0,0,1,0,0,-1.0254,0.3623,1
2,1,0,0,0,0,0,-0.3033,-0.0068,1
2,1,0,0,0,0,0,-0.7231,0.2041,1
2,1,0,0,1,0,0,-0.6398,0.1415,1
2,1,0,0,0,0,0,-1.0254,0.3623,1
3,1,0,0,1,0,0,-0.7231,0.0301,1
5,0,0,0,0,0,0,-0.3033,-0.3497,1
4,0,0,0,0,0,0,-0.9142,-0.1577,1
7,0,0,0,0,0,1,0.0332,-0.2638,1
7,0,0,0,1,0,0,-0.3033,-0.0645,1
7,0,0,0,0,0,1,0.1487,-0.298,1
7,0,0,1,0,0,0,0.8863,-0.4396,1
4,0,0,0,0,0,0,0.0332,-0.2638,1
4,1,0,0,0,0,0,-0.3621,0.2096,1
1,1,0,0,0,0,0,-0.3621,0.2096,1
3,0,0,0,0,0,0,-0.6398,-0.1785,1
5,1,0,0,0,0,0,0.3755,-0.1458,1
4,1,0,0,0,0,0,1.0758,-0.3633,1
6,1,1,0,0,0,0,1.4347,-0.5379999999999999,1
2,0,0,0,0,0,0,-0.2477,0.2272,1
7,0,0,0,0,0,0,0.3157,-0.3965,1
4,0,0,0,0,0,0,-0.052000000000000005,0.0663,1
7,1,1,0,1,0,0,1.9993,-0.5551,1
0,1,1,0,0,0,0,0.0332,0.6019,0
8,1,1,0,0,0,0,0.5108,-0.4777,1
5,0,0,0,0,0,0,0.3755,-0.1287,1
5,1,0,1,0,0,0,-0.3621,-0.2892,1
4,0,0,0,0,0,0,0.6073,-0.2216,1
0,1,0,0,0,0,0,0.5108,0.2945,0
0,1,0,0,1,0,0,0.3755,0.131,0
8,0,0,0,0,0,0,0.6073,-0.4319,1
0,1,0,0,0,0,0,-0.052000000000000005,0.5734,0
0,0,0,0,0,0,0,0.0332,0.4403,0
0,0,0,0,0,0,0,0.40399999999999997,0.4629,0
8,0,0,1,0,0,0,1.8779,-0.368,1
4,0,0,1,0,0,0,0.2189,0.185,1
3,0,0,1,0,0,0,0.2189,0.185,1
1,0,0,0,0,0,1,0.0332,0.2484,1
6,0,0,0,0,0,0,-0.3621,-0.2284,1
5,0,0,0,0,0,1,0.0332,-0.2638,1
0,1,0,0,0,0,0,0.5108,0.5556,0
6,0,0,0,0,0,0,-0.4608,-0.2439,1
3,1,0,0,0,0,0,-1.0923,0.3645,1
1,1,0,0,1,0,0,-0.3033,0.248,1
6,0,0,0,0,0,1,0.40399999999999997,-0.3611,1
5,0,0,0,0,0,0,0.6073,-0.371,1
8,0,0,0,1,0,1,0.3755,-0.3548,1
2,1,0,0,0,0,0,-0.6044,0.5381,1
6,0,0,0,0,0,0,0.3755,-0.3171,1
0,1,0,0,1,0,0,-0.7231,0.418,0
7,0,0,0,0,0,0,0.9205,-0.4266,1
4,0,0,0,0,0,1,0.6073,-0.4009,1
0,0,0,0,0,0,0,-0.7231,0.418,0
8,0,0,0,0,0,1,0.9205,-0.4484,1
0,1,0,0,1,0,0,-0.6398,0.3383,0
3,1,0,0,1,0,0,-0.4574,-0.1784,1
2,1,1,0,0,0,0,0.3295,0.3692,1
6,0,0,0,0,0,0,0.3755,-0.1458,1
1,1,0,0,0,0,0,-0.4574,0.149,1
0,1,0,0,0,0,0,-1.1506,0.8756,0
0,1,1,0,0,0,0,1.9993,0.42200000000000004,0
0,1,1,0,0,0,0,0.5108,0.4337,0
0,1,1,0,0,0,0,0.3157,0.4977,0
0,1,1,0,0,0,0,0.674,0.4535,0
0,1,1,0,0,0,0,1.4144,0.3449,0
0,1,1,0,0,0,0,-0.3621,0.5708,0
0,1,1,0,0,0,0,1.1181,0.3871,0
0,1,1,0,0,0,0,0.5108,0.45899999999999996,0
0,1,1,0,0,0,0,0.6073,0.4556,0
0,1,1,0,0,0,0,0.4852,0.434,0
0,1,1,0,0,0,0,0.3755,0.4064,0
8,1,0,1,0,0,0,0.9205,-0.4442,1
6,1,0,1,0,0,0,0.2189,-0.3085,1
9,1,0,1,0,0,0,0.8863,-0.4396,1
5,0,0,0,1,0,0,0.2189,-0.1509,1
3,0,0,0,0,0,0,-0.052000000000000005,-0.0181,1
6,1,0,1,0,0,0,0.2189,-0.3085,1
